{"sections":{"main":{"type":"main-article","blocks":{"featured_image":{"type":"featured_image","disabled":true,"settings":{"image_height":"adapt"}},"title":{"type":"title","settings":{"featured_image":"{{ article.metafields.custom.blog_post_image.value }}","image_size":"large","title_font_size":45,"last_update":"<p>{{ article.metafields.custom.last_update | metafield_tag }}<\/p>","time_to_read":"<p>{{ article.metafields.custom.time_to_read.value }}<\/p>","blog_show_date":false,"blog_show_author":true}},"share":{"type":"share","disabled":true,"settings":{"share_label":"Share"}},"content":{"type":"content","settings":{}}},"block_order":["featured_image","title","share","content"],"settings":{}},"featured_collection_6Ahjet":{"type":"featured-collection","settings":{"title":"You Might Be Interested In","heading_size":"h2","description":"","show_description":false,"description_style":"body","collection":"all-products","products_to_show":4,"columns_desktop":4,"full_width":false,"show_view_all":false,"view_all_style":"link","enable_desktop_slider":true,"color_scheme":"","image_ratio":"adapt","image_shape":"default","show_secondary_image":false,"show_vendor":false,"show_rating":false,"quick_add":"standard","columns_mobile":"1","swipe_on_mobile":false,"padding_top":36,"padding_bottom":36}},"section_banner_two_b3e46L":{"type":"section--banner-two","settings":{"background_image":"shopify:\/\/shop_images\/ApprenticeshipProgram.jpg","title":"CONNECT WITH OUR TEAM","subtitle":"<p>Our team is here to provide support and guidance you need. Whether you have questions, need expert advice, or want to explore how we can collaborate.<\/p>","button_link":"shopify:\/\/pages\/contact-us","button_text":"GET CERTIFIED","show_button_1":true,"button_1_text":"CONTACT US","button_1_link":"shopify:\/\/pages\/contact-us","show_button_2":false,"button_2_text":"Button","button_2_link":"\/","button_position":"center","title_alignment":"left","container_width":980,"alignment":"center"}}},"order":["main","featured_collection_6Ahjet","section_banner_two_b3e46L"]}