{"sections":{"main":{"type":"main-blog","disabled":true,"settings":{"layout":"collage","show_image":true,"image_height":"medium","show_date":true,"show_author":false,"padding_top":36,"padding_bottom":36}},"image_banner_8AwCJa":{"type":"image-banner","blocks":{"heading_e37Fi4":{"type":"heading","settings":{"heading":"BLOG","heading_size":"hxxl"}},"text_QPeeaR":{"type":"text","settings":{"text":"Stay updated with the latest fitness insights, trends, and expert tips in our recent blog posts.","text_style":"subtitle"}}},"block_order":["heading_e37Fi4","text_QPeeaR"],"settings":{"image":"shopify:\/\/shop_images\/header_npta_blog_page_c3c0b794-2749-4012-b58a-37cbc2bd37ae.jpg","image_overlay_opacity":0,"image_height":"medium","desktop_content_position":"middle-left","show_text_box":false,"desktop_content_alignment":"left","color_scheme":"scheme-3","image_behavior":"none","mobile_content_alignment":"left","stack_images_on_mobile":false,"show_text_below":true}},"top_blog_posts_tQNmiw":{"type":"TopBlogPosts","blocks":{"top_post_zBazNY":{"type":"top_post","settings":{"top_post":"npta-blogs\/personal-trainer-certification-exam-info"}},"top_post_PKjUkk":{"type":"top_post","settings":{"top_post":"npta-blogs\/how-to-become-a-certified-personal-trainer"}},"media_promo_pRe4PC":{"type":"media_promo","settings":{"media_image":"shopify:\/\/shop_images\/Test_Image_2_for_Disillusioned_Trainers.png","media_link":"https:\/\/app.npta.ca\/widget\/bookings\/meet-your-mentors-at-npta"}}},"block_order":["top_post_zBazNY","top_post_PKjUkk","media_promo_pRe4PC"],"settings":{"section_title":"Top Blog Posts"}},"latest_blog_posts_GmC8DH":{"type":"LatestBlogPosts","settings":{"section_title":"Latest Blog Posts"}},"newsblogposts_jc4c3V":{"type":"Newsblogposts","blocks":{"media_promo_cfYdWG":{"type":"media_promo","settings":{"media_image":"shopify:\/\/shop_images\/Career_Kickstarter_2f9bea85-9044-474d-8571-efe4e9687cb4.png","media_link":"https:\/\/www.npta.ca\/products\/certified-personal-trainer-cpt"}}},"block_order":["media_promo_cfYdWG"],"disabled":true,"settings":{}},"section_banner_two_Yfa7mH":{"type":"section--banner-two","settings":{"background_image":"shopify:\/\/shop_images\/ApprenticeshipProgram.jpg","title":"CONNECT WITH OUR TEAM","subtitle":"<p>Our team is here to provide support and guidance you need. Whether you have questions, need expert advice, or want to explore how we can collaborate.<\/p>","button_link":"shopify:\/\/pages\/contact-us","button_text":"GET CERTIFIED","show_button_1":true,"button_1_text":"CONTACT US","button_1_link":"shopify:\/\/pages\/contact-us","show_button_2":false,"button_2_text":"Button","button_2_link":"\/","button_position":"center","title_alignment":"left","container_width":980,"alignment":"center"}}},"order":["main","image_banner_8AwCJa","top_blog_posts_tQNmiw","latest_blog_posts_GmC8DH","newsblogposts_jc4c3V","section_banner_two_Yfa7mH"]}