{"sections":{"banner":{"type":"main-collection-banner","disabled":true,"settings":{"show_collection_description":false,"show_collection_image":false,"color_scheme":"scheme-1"}},"section_breadcrumb_JGKpdR":{"type":"section--breadcrumb","settings":{"background_color":"#ffffff","enable_breadcrumbs":true,"breadcrumbs_home_label":"Home","breadcrumbs_separator":"|"}},"section_header_title_4R3UWU":{"type":"section--header-title","custom_css":["h1 {font-size: 42px;}"],"settings":{"background_color":"#ffffff","section_id":"certified-trainers","section_title":"Specializations","section_description":"","title_alignment":"center","container_width":1040,"alignment":"flex-start"}},"product-grid":{"type":"main-collection-product-grid","custom_css":["button.quick-add__submit {cursor: pointer;}"],"settings":{"products_per_page":5,"columns_desktop":3,"color_scheme":"scheme-1","image_ratio":"adapt","image_shape":"default","show_secondary_image":false,"show_vendor":false,"show_rating":false,"quick_add":"standard","enable_filtering":true,"filter_type":"vertical","enable_sorting":true,"columns_mobile":"1","padding_top":36,"padding_bottom":92}},"section_banner_two_Nj7D9X":{"type":"section--banner-two","custom_css":[".section--banner-two {background-position: center 30%; background-repeat: no-repeat; background-size: cover;}"],"settings":{"background_image":"shopify:\/\/shop_images\/CES-6_2.jpg","title":"Not sure how to get started?","subtitle":"","button_link":"shopify:\/\/collections\/all","button_text":"","show_button_1":true,"button_1_text":"Contact Us","button_1_link":"shopify:\/\/pages\/contact-us","show_button_2":false,"button_2_text":"","button_2_link":"\/","button_position":"left","title_alignment":"left","container_width":760,"alignment":"flex-start"}}},"order":["banner","section_breadcrumb_JGKpdR","section_header_title_4R3UWU","product-grid","section_banner_two_Nj7D9X"]}