{"sections":{"hero_banner_VrVBf3":{"type":"hero-banner","blocks":{"word_9Khai3":{"type":"word","settings":{"word_text":"Certified Fitness"}},"word_GfGwUC":{"type":"word","settings":{"word_text":"Nutrition"}},"word_pkrUpB":{"type":"word","settings":{"word_text":"Strength"}},"word_Wzfjkq":{"type":"word","settings":{"word_text":"Weight Loss"}},"word_MNHVdq":{"type":"word","settings":{"word_text":"Wellness"}},"word_bpCGmP":{"type":"word","settings":{"word_text":"Virtual"}}},"block_order":["word_9Khai3","word_GfGwUC","word_pkrUpB","word_Wzfjkq","word_MNHVdq","word_bpCGmP"],"custom_css":["@media (max-width: 767px) {.section--hero-badges .section--badge {display: block; text-align: center; } .section--hero-badges .section--badge span {display: inline; vertical-align: top; top: 2px; position: relative; } .section--hero-badges .section--badge img {display: none !important; } .section--hero-badges .section--badge-1 {display: none !important; }}",".section--hero-background {width: 100%; height: 100vh;}",".section--hero-text h1 {color: #e9f24f;}"],"settings":{"background_image":"shopify:\/\/shop_images\/header_image_bts.png","headline":"Fitness","badge_1_text":"OFFICIAL CANADIAN PARTNER","badge_2_text":"1.5 Million+ NASM Certified Trainers","button_1_link":"http:\/\/www.npta.ca\/cart\/43487919308842:1,42853693358122:1","button_1_text":"CLAIM MY BUNDLE NOW","button_2_link":"","button_2_text":"","hero_image":"shopify:\/\/shop_images\/award-nominated-trainer.png","hero_image_width":"500","hero_image_height":"500","award_text":"<p><strong>Canada’s top fitness trainer<\/strong><\/p>","award_sub_text":"<p>According to Impact Magazine<\/p>","award_image_1":"shopify:\/\/shop_images\/award-featured-trainer.png","award_image_2":"shopify:\/\/shop_images\/award-featured-trainer.png","award_image_width":"50","award_image_height":"50","partner_text":"OFFICIAL CANADIAN PARTNER","partner_image":"shopify:\/\/shop_images\/nasm_international_partner_logo_h_white_ba599786-b284-4e5f-8ade-ae846fbd0c62.svg","partner_image_width":"139","partner_image_height":"40"}},"section_logo_carousel_M4gT66":{"type":"section--logo-carousel","blocks":{"logo_aTK6bt":{"type":"logo","settings":{"image":"shopify:\/\/shop_images\/BTS_Yellow_Banner_mp_bg.png"}},"logo_Qwn7BU":{"type":"logo","settings":{"image":"shopify:\/\/shop_images\/BTS_Yellow_Banner_mp_bg.png"}},"logo_NqPQWT":{"type":"logo","settings":{"image":"shopify:\/\/shop_images\/BTS_Yellow_Banner_mp_bg.png"}}},"block_order":["logo_aTK6bt","logo_Qwn7BU","logo_NqPQWT"],"custom_css":[".section--logo-carousel {background: #e9f24f;}"],"name":"Logo Carousel","settings":{"top_padding":5,"bottom_padding":5,"container_width":200}},"accordion_bts_sale_GUbPNP":{"type":"accordion-bts-sale","blocks":{"highlight_deBDVf":{"type":"highlight","settings":{"highlight_title":"1. Certified Personal Trainer (CPT)","highlight_description":"<h4>Master the skills to train clients safely and effectively.<\/h4><ul><li>100% online, self-paced - complete in as little as 4 weeks<\/li><li>24 chapters covering anatomy, physiology, nutrition basics, and coaching techniques<\/li><li>Learn to assess fitness levels, design effective programs, and more<\/li><\/ul>","highlight_image":"shopify:\/\/shop_images\/CPT2.png"}},"highlight_adixWW":{"type":"highlight","settings":{"highlight_title":"2. Certified Nutrition Coach (CNC)","highlight_description":"<h3>Empower clients to achieve lasting health through proven nutrition strategies<\/h3><ul><li>Dive deep into behavior change techniques to understand the psychology behind weight loss<\/li><li>Learn how to help clients overcome real-world challenges like reading food labels, managing portion size, and avoiding fad diets<\/li><\/ul>","highlight_image":"shopify:\/\/shop_images\/CNC2.png"}},"highlight_7iBpnn":{"type":"highlight","settings":{"highlight_title":"3. Weight Loss Specialization","highlight_description":"<ul><li>Stand out in a competitive market by offering specialized weight loss expertise that attracts clients seeking lasting results<\/li><li>Gain advanced knowledge in metabolism, fat loss science, and the obesity epidemic to position yourself as a trusted expert<\/li><li>Apply proven fitness and nutrition strategies to help clients lose weight — and keep it off<\/li><\/ul>","highlight_image":"shopify:\/\/shop_images\/WLS.png"}}},"block_order":["highlight_deBDVf","highlight_adixWW","highlight_7iBpnn"],"custom_css":[".accordion-four--highlight ul li {color: white;}",".accordion-four--highlight h4 {color: white;}"],"name":"Accordion BTS","settings":{"section_id":"bts-sale","heading":"What’s Included in the Nutrition & Fitness Bundle?","image":"shopify:\/\/shop_images\/Canada_Day_Sale_2nd_Section.png","show_buttons":true,"primary_button_text":"Claim My Bundle Now","primary_button_link":"http:\/\/www.npta.ca\/cart\/43487919308842:1,42853693358122:1","primary_button_target":"_self","secondary_button_text":"Button","secondary_button_link":"","secondary_button_target":"_self"}},"section_image_text_carousel_ARmbtF":{"type":"section--image-text-carousel","blocks":{"slide_4UzdLh":{"type":"slide","settings":{"image":"shopify:\/\/shop_images\/paymentsection2.jpg","title_prefix":"PAYMENT PLANS AVAILABLE!","title_highlight":"Finance","highlight_color":"#ffffff","title_suffix":"Your Fitness Career","highlight_suffix_color":"#ffffff","description":"We’ve partnered with Elective to make your path even more accessible with flexible payment plans. You might be managing a full-time job, raising a family, or switching careers entirely, and we’re here to walk with you. This isn’t just about financing. It’s about making sure every aspiring coach and wellness leader in Canada has the opportunity, encouragement, and tools to succeed.","button_text":"HOW IT WORKS","button_link":"shopify:\/\/pages\/payment-plan-options","button_style":"button-yg"}},"slide_qDUayL":{"type":"slide","settings":{"image":"shopify:\/\/shop_images\/NCSF.jpg","title_prefix":"NEW PARTNERSHIP!","title_highlight":"Elevate Your Skills","highlight_color":"#ffffff","title_suffix":"with NCSF","highlight_suffix_color":"#e9f24f","description":"NPTA has partnered with NCSF, a globally recognized leader in fitness education, to offer top-tier certifications in Strength & Conditioning, Personal Training, and Sport Performance. Expand your expertise with specialized courses in Health Coaching, Suspension Training, and Lower Back Specialization—now available!","button_text":"EXPLORE NCSF COURSES","button_link":"shopify:\/\/collections\/specializations","button_style":"button-yg"}},"slide_6nEhXa":{"type":"slide","settings":{"image":"shopify:\/\/shop_images\/KBStronger.jpg","title_prefix":"NEW PARTNERSHIP!","title_highlight":"Master Kettlebell Training","highlight_color":"#ffffff","title_suffix":"with KBStronger!","highlight_suffix_color":"#e9f24f","description":"We’re partnering with KBStronger to bring you expert-led kettlebell certifications. Enhance strength, endurance, and mobility with the Kettlebell Certification, KB Stronger Level 1 Certification, and Full Mobility Swing Certification. Elevate your coaching and performance today!","button_text":"EXPAND YOUR EXPERTISE","button_link":"shopify:\/\/collections\/specializations","button_style":"button-yg"}},"slide_fdWJWA":{"type":"slide","settings":{"image":"shopify:\/\/shop_images\/Apprenticeship_Program.jpg","title_prefix":"APPRENTICESHIP PROGRAM!","title_highlight":"Train with","highlight_color":"#ffffff","title_suffix":"Canada’s Top Trainers!","highlight_suffix_color":"#e9f24f","description":"This 40-hour hands-on training program takes place in a real gym, where you'll work with clients under expert mentorship. Build confidence, refine your coaching skills, and gain practical, career-ready experience to excel as a trainer.","button_text":"START TRAINING","button_link":"shopify:\/\/pages\/apprenticeship-program","button_style":"button-yg"}},"slide_kGfp9G":{"type":"slide","disabled":true,"settings":{"image":"shopify:\/\/shop_images\/February_Sale.jpg","title_prefix":"FEBRUARY SALE!","title_highlight":"15% OFF -","highlight_color":"#e9f24f","title_suffix":"Specializations!","highlight_suffix_color":"#ffffff","description":"Show yourself some love this February with 15% OFF all specializations over $399! Advance your career, expand your expertise, and gain in-demand skills with industry-recognized certifications. This is your chance to invest in your passion and future—at a discount!","button_text":"GET 15% OFF NOW!","button_link":"shopify:\/\/collections\/specializations","button_style":"button-yg"}}},"block_order":["slide_4UzdLh","slide_qDUayL","slide_6nEhXa","slide_fdWJWA","slide_kGfp9G"],"settings":{"section_title":"WHAT’S NEW AT NPTA?","section_description":"<p>Stay ahead with the latest <strong>partnerships<\/strong>, <strong>programs<\/strong>, and<strong> exclusive deals<\/strong> designed to elevate your fitness career!<\/p>","slide_count":2,"autoplay":true,"autoplay_delay":5000,"show_buttons":true}},"featured_programs_3Ebyx7":{"type":"featured_programs","settings":{"section_id":"programs","background_color":"#ffffff","discount_text_1":"","program_logo_1":"shopify:\/\/shop_images\/nasm-canada-logo-white_56715b3b-8afa-466e-94e0-0971b6afb304.svg","background_image_1":"shopify:\/\/shop_images\/certifications-placeholder-image.jpg","title_1":"CERTIFICATIONS","description_1":"Become NASM certified in 4 weeks. The gold standard in globally recognized certification programs for personal trainers and fitness professionals to help your clients reach their fitness goals faster.","button_link_1":"\/collections\/all?filter.p.tag=Certification&filter.v.price.gte=&filter.v.price.lte=&sort_by=title-ascending","button_text_1":"Choose My Program","is_visible_1":true,"discount_text_2":"","program_logo_2":"shopify:\/\/shop_images\/nasm-canada-logo-white_56715b3b-8afa-466e-94e0-0971b6afb304.svg","background_image_2":"shopify:\/\/shop_images\/specializations-placeholder-image.jpg","title_2":"Specializations","description_2":"Gain a competitive edge by mastering advanced methods in sports nutrition, weight loss, corrective exercise, and many more.","button_link_2":"\/collections\/all?filter.p.tag=Specialization&filter.v.price.gte=&filter.v.price.lte=&sort_by=title-ascending","button_text_2":"Choose My Program","is_visible_2":true,"discount_text_3":"SAVE UP TO <span>50% OFF<\/span>","program_logo_3":"shopify:\/\/shop_images\/nasm-canada-logo-white_56715b3b-8afa-466e-94e0-0971b6afb304.svg","background_image_3":"shopify:\/\/shop_images\/bundles-placeholder-image.jpg","title_3":"Bundles","description_3":"Maximize your benefits and save big with NASM's bundles! Get essential certifications and specialization courses all in one comprehensive deal.","button_link_3":"\/collections\/all?filter.p.tag=Bundles&filter.v.price.gte=&filter.v.price.lte=&sort_by=title-ascending","button_text_3":"Choose My Program","is_visible_3":true,"discount_text_4":"","program_logo_4":"shopify:\/\/shop_images\/nasm-canada-logo-white_56715b3b-8afa-466e-94e0-0971b6afb304.svg","background_image_4":"shopify:\/\/shop_images\/apprenticeship-placeholder-image.jpg","title_4":"Apprenticeship","description_4":"Get hands-on experience training clients under the guidance of Canada’s top fitness trainers.","button_link_4":"shopify:\/\/pages\/apprenticeship-program","button_text_4":"Read Full Guide","is_visible_4":true,"section_title":"Programs designed for you","section_description":"<p>Your Path to Personal Training Success Starts Here<\/p>","title_alignment":"center","container_width":1280,"alignment":"center","show_program_button":true,"button_text":"View all programs","program_button_link":"shopify:\/\/collections\/all","section_footer_description":"<p>Looking for something specific? <a href=\"\/pages\/contact-us\" title=\"Contact Us\">Contact us<\/a> to build your own bundle.<\/p>"}},"section_collection_tabs_w8nGxt":{"type":"section-collection-tabs","settings":{"collection1":"certifications","collection2":"specializations","collection3":"bundles","collection4":"all-products"}},"section_certified_trainers_HNR8DL":{"type":"section--certified-trainers","blocks":{"trainer_6RkQ8y":{"type":"trainer","settings":{"image":"shopify:\/\/shop_images\/DSC04326-Edit_1.jpg","show_content":true,"name":"Alfredson T.","certification":"CPT","quote":"\"If you’re someone who currently works a full-time job and is looking to make that jump to become a trainer, the NASM online self-study program is the right choice for you. Even with a full-time job, I was able to complete the course in 6 weeks and pass my exam first try!\"","rating":"5"}},"trainer_9kA6xC":{"type":"trainer","settings":{"image":"shopify:\/\/shop_images\/IMG_3357-_2.jpg","show_content":true,"name":"Mark Lopez","certification":"","quote":"\"I chose to get NASM certified because of its in-depth, evidence-based approach, which I knew would greatly benefit my clients.\"","rating":"5"}},"trainer_EeaEDm":{"type":"trainer","settings":{"image":"shopify:\/\/shop_images\/IMG_3363.jpg","show_content":true,"name":"Martin Chan","certification":"","quote":"\"I selected NASM certification for its comprehensive and research-driven curriculum, ensuring my clients receive the highest level of expertise.\"","rating":"5"}},"trainer_ej68AR":{"type":"trainer","settings":{"image":"shopify:\/\/shop_images\/Cert-1.jpg","show_content":true,"name":"Debora","certification":"","quote":"\"For the past six months, I have been studying hard to become a Certified Personal Trainer with NASM, known for its rigorous exam and strong reputation. Before this, I earned a German fitness instructor license (B-Lizenz). I worked in a gym while studying and really liked the NASM content, especially the OPT model.\"","rating":"5"}},"trainer_3gdTai":{"type":"trainer","settings":{"image":"shopify:\/\/shop_images\/Cert-4.jpg","show_content":true,"name":"Kevin","certification":"","quote":"\"Becoming NASM Certified is a significant milestone for me. It represents the knowledge and skills I’ve acquired, and my dedication to helping others achieve their fitness goals.\"","rating":"5"}},"trainer_YyQwcz":{"type":"trainer","settings":{"image":"shopify:\/\/shop_images\/Cert-3.jpg","show_content":true,"name":"Vierra G.","certification":"","quote":"\"Balancing studying, work, and motherhood was incredibly challenging, but I’m proud to have completed it. This certification enhances my skills for better client service. The Corrective Exercise Specialist course provided advanced techniques for movement impairments, and I’m eager to apply this knowledge to help my clients reach their goals.\"","rating":"5"}},"trainer_gNBkiJ":{"type":"trainer","settings":{"image":"shopify:\/\/shop_images\/Cert-5.jpg","show_content":true,"name":"Joyce","certification":"","quote":"“I wanted to take a moment to express my heartfelt gratitude for the exceptional education and support I have received at NASM. The knowledge and skills I’ve gained here have been invaluable, and I am truly thankful for the dedication and passion of the faculty and staff.”","rating":"5"}},"trainer_dPMrzb":{"type":"trainer","settings":{"image":"shopify:\/\/shop_images\/Cert-6.jpg","show_content":true,"name":"Mahmoud","certification":"","quote":"\"I chose the NASM program for its excellent reputation and scientific approach, ensuring I gain the skills to provide top-notch service to my clients. With my NASM certification, I now create personalized training programs to help clients achieve their fitness goals safely and effectively.”","rating":"5"}},"trainer_8RVP4A":{"type":"trainer","settings":{"image":"shopify:\/\/shop_images\/Cert-7.jpg","show_content":true,"name":"Hossam","certification":"","quote":"\"I study biochemistry, but my passion is exercise science. Finding NASM was the best choice ever. Completing the course while studying was tough, but it deepened my love for exercise science and equipped me with valuable tools to become a professional personal trainer. Thank you, NASM.\"","rating":"5"}},"trainer_8WQTnV":{"type":"trainer","settings":{"image":"shopify:\/\/shop_images\/Cert-8.jpg","show_content":true,"name":"Abigail","certification":"","quote":"\"I'm officially a NASM-certified personal trainer and deeply grateful for the program's support in passing the CPT exam! I'm excited to use what I've learned to help clients achieve their fitness goals and transform lives. Certification is just the beginning, and I'm ready for what's next!\"","rating":"5"}},"trainer_ici9kx":{"type":"trainer","settings":{"image":"shopify:\/\/shop_images\/Cert-9.jpg","show_content":true,"name":"Natalya","certification":"","quote":"\"I am now officially a NASM Certified Personal Trainer. I learned so much from this program. As a Certified Personal Trainer, I can now help people achieve their fitness goals and be the best version of themselves! Thank you to everyone who believed in me and helped me in my journey.\"","rating":"5"}},"trainer_qejMLT":{"type":"trainer","settings":{"image":"shopify:\/\/shop_images\/Cert-10.jpg","show_content":true,"name":"Rodrigo","certification":"","quote":"\"NASM made this course extremely enjoyable and very informative. I was able to acquire knowledge and skills that will allow me to be a successful personal trainer. I’ve learned so much information that I would love to implement to empower others and help them achieve their goals. I am truly passionate about assisting others in becoming the best versions of themselves and living healthier and happier lives.\"","rating":"5"}},"trainer_dBFwGh":{"type":"trainer","settings":{"image":"shopify:\/\/shop_images\/Cert-11.jpg","show_content":true,"name":"Marina","certification":"","quote":"“I’ve been a Personal Trainer for 8 years and chose NASM for their reputation and flexible schedule. The certification took 4 months at my own pace and was applicable to both my profession and personal routines. I’m excited to use my new credentials to help people achieve their fitness goals and improve their lifestyles. Thank you, NASM!”","rating":"5"}},"trainer_VgHH6g":{"type":"trainer","settings":{"image":"shopify:\/\/shop_images\/Cert-12.jpg","show_content":true,"name":"Frank","certification":"","quote":"\"Training isn't complete without nutrition. For those offering nutritional guidance, the NASM CNC is essential. In my nine years in fitness, it’s been one of the most comprehensive and insightful certifications. The sections on behavior change and coaching skills were transformative. I’m now equipped to assess client needs and provide tailored nutritional coaching for their fitness and lifestyle goals.\"","rating":"5"}},"trainer_87Lpeq":{"type":"trainer","settings":{"image":"shopify:\/\/shop_images\/Cert-13.jpg","show_content":true,"name":"Savanna","certification":"","quote":"\"Enrolling in NASM was one of the best decisions for my career as a Personal Trainer and Sports Nutritionist. The education provided was excellent and equipped me with essential knowledge for the fitness industry. I appreciated the focus on coaching, nutrition, and exercise techniques. Thanks to NASM, I feel empowered to pursue my passion and look forward to further education in fitness, health, and wellness. I highly recommend NASM for expanding your knowledge in the fitness industry.\"","rating":"5"}},"trainer_HY7xBL":{"type":"trainer","settings":{"image":"shopify:\/\/shop_images\/Cert-14.jpg","show_content":true,"name":"Alex Jung Lee","certification":"","quote":"\"Throughout the NASM CPT certification course, I've gained a comprehensive understanding of the intrinsic value associated with health and wellness. I take great pride in successfully achieving the designation of NASM CPT. I am enthusiastic about leveraging my acquired knowledge to support and enhance the well-being of my family, friends, and community as a NASM Certified Personal Trainer.\"","rating":"5"}},"trainer_FVtrQ9":{"type":"trainer","settings":{"image":"shopify:\/\/shop_images\/Cert-15.jpg","show_content":true,"name":"Felicitas Avendaño","certification":"","quote":"\"In 2018, I became a NASM Certified Personal Trainer (CPT) and Certified Nutrition Coach (CNC), turning a hobby into a full-time job with a busy schedule across two gyms, online clients, and home visits. Being a nutrition coach has enhanced my ability to help clients and added revenue streams to my business. I’m also proud to have been a gym owner for almost a year, enjoying the responsibility and freedom of leading my own team.\"","rating":"5"}},"trainer_7yagcB":{"type":"trainer","settings":{"image":"shopify:\/\/shop_images\/Cert-16.jpg","show_content":true,"name":"Helen","certification":"","quote":"\"𝐃𝐫𝐞𝐚𝐦𝐬 💭 𝐝𝐨 𝐜𝐨𝐦𝐞 𝐭𝐫𝐮𝐞...𝐚𝐧𝐝 𝐈 𝐃𝐈𝐃 𝐈𝐓!⁣ Studying at 𝟓𝟕 is so very different than at 𝟏𝟗. Yet very possible.⁣\"⁠","rating":"5"}},"trainer_tEcriM":{"type":"trainer","settings":{"image":"shopify:\/\/shop_images\/Cert-17.jpg","show_content":true,"name":"Darryl","certification":"","quote":"\"Time to pass some of this fitness energy down to our youth! Helping to make sure that they play for at least 60 minutes a day.\"","rating":"5"}},"trainer_KMc8wD":{"type":"trainer","settings":{"image":"shopify:\/\/shop_images\/Cert-18.jpg","show_content":true,"name":"Kenneth","certification":"","quote":"\"You can teach an old dog new tricks 😂 something good came out of the pandemic for me!\"","rating":"5"}}},"block_order":["trainer_6RkQ8y","trainer_9kA6xC","trainer_EeaEDm","trainer_ej68AR","trainer_3gdTai","trainer_YyQwcz","trainer_gNBkiJ","trainer_dPMrzb","trainer_8RVP4A","trainer_8WQTnV","trainer_ici9kx","trainer_qejMLT","trainer_dBFwGh","trainer_VgHH6g","trainer_87Lpeq","trainer_HY7xBL","trainer_FVtrQ9","trainer_7yagcB","trainer_tEcriM","trainer_KMc8wD"],"settings":{"section_id":"certified-trainers","section_title":"Hear from NASM certified trainers","section_title2":"Lorem ipsum dolor sit amet","section_description":"","title_alignment":"center","desc_alignment":"left","container_width":980,"alignment":"center"}},"section_banner_one_FnrnAm":{"type":"section--banner-one","blocks":{"benefit_7D6Pxz":{"type":"benefit","settings":{"benefit_text":"Get Certified in Just 4 Weeks","description":""}},"benefit_ENF7La":{"type":"benefit","settings":{"benefit_text":"Self-Paced, 100% Online Courses","description":""}},"benefit_TKFwF8":{"type":"benefit","settings":{"benefit_text":"Canada's Lowest Prices","description":""}},"benefit_W8jqaP":{"type":"benefit","settings":{"benefit_text":"Zero Interest Payment Options","description":""}}},"block_order":["benefit_7D6Pxz","benefit_ENF7La","benefit_TKFwF8","benefit_W8jqaP"],"settings":{"background_image":"shopify:\/\/shop_images\/CES-9.jpg","title":"Guide Your Clients to Success and Empower Their Fitness Journey","subtitle":"Join our thriving community of driven professionals to fast-track your fitness career!","button_link":"shopify:\/\/collections\/all","button_text":"GET CERTIFIED"}},"section_process_PPjrLE":{"type":"section--process","blocks":{"step_pqbwnY":{"type":"step","settings":{"step_title":"Get Certified","step_description":"Choose from our diverse range of science-based certification programs. All courses are 100% online and self-paced to provide a flexible learning experience."}},"step_XzC3VX":{"type":"step","settings":{"step_title":"Gain Experience","step_description":"Build your resume + confidence as a trainer through NPTA's Apprenticeship program. Gain hands-on experience and learn directly from Canada's top leading trainers."}},"step_G4TCdU":{"type":"step","settings":{"step_title":"Make Money!","step_description":"Now that you’re experienced and job-ready, start maximizing your earning potential. Join NPTA’s affiliate program and inspire others to sign up for our top-tier certification programs. Earn up to $600 for every successful referral."}}},"block_order":["step_pqbwnY","step_XzC3VX","step_G4TCdU"],"settings":{"background_color":"#ffffff","section_id":"certified-trainers","section_title":"Your Guide to Success!","section_description":"<p>3 Steps to Go From Your Desk to Your Dream Job Coaching Clients<\/p>","title_alignment":"center","container_width":980,"alignment":"center","show_program_button":true,"button_text":"View All Programs","program_button_link":"shopify:\/\/collections\/all","section_footer_description":""}},"section_accordion_four_XFTakr":{"type":"section--accordion-four","blocks":{"highlight_WGccNJ":{"type":"highlight","settings":{"highlight_title":"Canada's Lowest Prices","highlight_description":"Get the best NASM deals with zero percent interest payment plans. Found an individual NASM course at a lower price elsewhere? Let us know so we can price match and find an even better deal!"}},"highlight_dYU4cw":{"type":"highlight","settings":{"highlight_title":"Job Assistance Opportunities","highlight_description":"Our Apprenticeship Program equips newly certified trainers with 40 hours of hands-on experience. Get mentored by Canada's Top Fitness Trainer and renowned fitness entrepreneur, Jesse Benson."}},"highlight_f6WV7C":{"type":"highlight","settings":{"highlight_title":"Flexible Learning Platform","highlight_description":"Complete your course remotely at your own pace, whether you’re a full-time student or working a full-time job."}}},"block_order":["highlight_WGccNJ","highlight_dYU4cw","highlight_f6WV7C"],"custom_css":[".accordion-four--content {align-items: center;}"],"settings":{"section_id":"certified-trainers","heading":"Why students love npta","image":"shopify:\/\/shop_images\/CNC_13_2.jpg","show_buttons":true,"primary_button_text":"Get Certified","primary_button_link":"shopify:\/\/collections\/all","primary_button_target":"_self","secondary_button_text":"Schedule a Consult","secondary_button_link":"shopify:\/\/pages\/book-a-call","secondary_button_target":"_blank"}},"section_video_text_jXi47M":{"type":"section--video-text","blocks":{"blurb_4zUqJf":{"type":"blurb","settings":{"blurb_title":"Earn Passive Income","blurb_description":"<p>Earn 15% commissions on every sale.<\/p>"}},"blurb_xLqKnX":{"type":"blurb","settings":{"blurb_title":"Education Savings","blurb_description":"<p>Receive 25% off all continuing education courses for life.<\/p>"}},"blurb_V8CCF7":{"type":"blurb","settings":{"blurb_title":"Expense Your Travels","blurb_description":"<p>Get reimbursed thousands for your travel costs as you promote worldwide.<\/p>"}}},"block_order":["blurb_4zUqJf","blurb_xLqKnX","blurb_V8CCF7"],"settings":{"section_id":"certified-trainers","heading":"BECOME AN AFFILIATE","short_description":"<p>Maximize your income with minimum effort. Earn up to $600\/sales in commissions by signing up your friends and followers for any of our programs. Inspire them to start their own personal training journey and put some extra money into your pocket!<\/p>","primary_button_text":"Get Started","primary_button_link":"https:\/\/npta-canada.goaffpro.com\/create-account","secondary_button_text":"Schedule a Consult","secondary_button_link":"","enable_video_looping":false,"video_url":"https:\/\/www.youtube.com\/watch?v=XgUryk1yqxk","cover_image":"shopify:\/\/shop_images\/commission-cover-image-2.jpg","description":"","full_width":false,"color_scheme":"","padding_top":36,"padding_bottom":36}},"section_collapsible_AWdycp":{"type":"section--collapsible","blocks":{"collapsible_row_nrNKcf":{"type":"collapsible_row","settings":{"heading":"How is NPTA affiliated with NASM?","row_content":"<p>NPTA is the official Canadian partner of NASM. Our mission is to help our students become NASM-certified personal trainers at the most affordable rate. Upon graduation, NPTA offers an in-person apprenticeship program to assist newly certified in breaking the personal training industry under the guidance of our top trainers.<\/p>"}},"collapsible_row_RCtmk7":{"type":"collapsible_row","settings":{"heading":"How long does it take to get certified?","row_content":"<p>NPTA offers a fully remote and self-paced learning approach. So you can complete your NASM certifications in as little as 4 weeks or up to 6 months. Whether you’re a full-time student or working a full-time job, you can manage your study schedule at your convenience<\/p>"}},"collapsible_row_aqcbhn":{"type":"collapsible_row","settings":{"heading":"Is there any financial assistance available?","row_content":"<p>We understand the cost of your education can be a concern, but we don’t want you to compromise quality for costs. NPTA has partnered with Elective to offer flexible payment plans with zero interest or hidden fees.<\/p>"}},"collapsible_row_a7pA7L":{"type":"collapsible_row","settings":{"heading":"Do you offer custom course bundles?","row_content":"<p>Yes! Please reach out to info@npta.ca indicating the courses you are interested in and a team member will provide you with a custom quote with the best price available.<\/p>"}},"collapsible_row_G8XnCp":{"type":"collapsible_row","settings":{"heading":"What employment opportunities do you offer?","row_content":"<p>After graduation, students can join the NPTA Apprenticeship Program for hands-on experience. Upon completing the program, students have the opportunity to interview for a junior trainer position at Fit Integrated Wellness.<\/p><p>If you're looking to make money instantly - join our affiliate program! Help inspire future trainers and make 15% commissions for every course you sell (Up to $600\/sale)<\/p>"}},"collapsible_row_Xf8xwV":{"type":"collapsible_row","settings":{"heading":"Are there any prerequisites to getting certified?","row_content":"<p>The only course that has pre-requisites is the Certified Personal Training course. <\/p><p>Before the final examination, a student must: <\/p><p>1. Have a high school diploma or GED equivalent <\/p><p>2. Be CPR\/AED Certified<\/p>"}}},"block_order":["collapsible_row_nrNKcf","collapsible_row_RCtmk7","collapsible_row_aqcbhn","collapsible_row_a7pA7L","collapsible_row_G8XnCp","collapsible_row_Xf8xwV"],"disabled":true,"settings":{"section_id":"certified-trainers","background_color":"#ffffff","section_class":"","title":"Popular Questions","title_alignment":"center","accordion_link_title":"","accordion_link":"","top_padding":0,"bottom_padding":80,"container_width":760,"footer_text":"Don’t see the answer to your question?","button_text":"Contact Us","button_link":"shopify:\/\/pages\/contact-us"}},"section_banner_two_CRjekD":{"type":"section--banner-two","custom_css":[".section--banner-two {background-position: center 30%; background-repeat: no-repeat; background-size: cover;}"],"settings":{"background_image":"shopify:\/\/shop_images\/CES-6_2a.jpg","title":"Your Fitness Career Starts Here","subtitle":"","button_link":"shopify:\/\/collections\/all","button_text":"GET CERTIFIED","show_button_1":true,"button_1_text":"Choose my program","button_1_link":"shopify:\/\/collections\/all","show_button_2":true,"button_2_text":"Contact Us","button_2_link":"shopify:\/\/pages\/contact-us","button_position":"left","title_alignment":"left","container_width":620,"alignment":"flex-start"}}},"order":["hero_banner_VrVBf3","section_logo_carousel_M4gT66","accordion_bts_sale_GUbPNP","section_image_text_carousel_ARmbtF","featured_programs_3Ebyx7","section_collection_tabs_w8nGxt","section_certified_trainers_HNR8DL","section_banner_one_FnrnAm","section_process_PPjrLE","section_accordion_four_XFTakr","section_video_text_jXi47M","section_collapsible_AWdycp","section_banner_two_CRjekD"]}