{"sections":{"main":{"type":"main-page","disabled":true,"settings":{"padding_top":28,"padding_bottom":28}},"section_top_banner_hJLdAL":{"type":"section--top-banner","custom_css":[".section--top-banner {background-position: center top; background-repeat: no-repeat; background-size: cover;}"],"settings":{"background_image":"shopify:\/\/shop_images\/G_S_16-new-min.jpg","title":"Contact Us","subtitle":"We’re excited to help you accelerate your new career!","button_link":"shopify:\/\/collections\/all","button_text":"GET CERTIFIED","show_button_1":false,"button_1_text":"Button","button_1_link":"\/","show_button_2":false,"button_2_text":"Button","button_2_link":"\/","button_position":"left","title_alignment":"left","container_width":520,"alignment":"flex-start"}},"section_breadcrumb_eFj6di":{"type":"section--breadcrumb","settings":{"background_color":"#ffffff","enable_breadcrumbs":true,"breadcrumbs_home_label":"Home","breadcrumbs_separator":"|"}},"section_contact_form_7GwcpX":{"type":"section--contact-form","blocks":{"text_field_yixH7T":{"type":"text_field","settings":{"label":"First Name","placeholder":"Enter your first name"}},"text_field_Lj7TJR":{"type":"text_field","settings":{"label":"Last Name","placeholder":"Enter your last name"}},"email_kpADYw":{"type":"email","settings":{"label":"Email","placeholder":"Enter your email"}},"phone_JpwDcQ":{"type":"phone","settings":{"label":"Phone Number","placeholder":"Enter your phone number"}},"textarea_e9iD39":{"type":"textarea","settings":{"label":"Message","placeholder":"Enter your message"}},"text_field_LKCbCR":{"type":"text_field","disabled":true,"settings":{"label":"Name","placeholder":"test"}}},"block_order":["text_field_yixH7T","text_field_Lj7TJR","email_kpADYw","phone_JpwDcQ","textarea_e9iD39","text_field_LKCbCR"],"custom_css":["#section-id-contact-us {margin-top: -30px;}"],"settings":{"section_id":"section-id-contact-us","section_title":"Questions? We’re here to help","section_description":"<p>Are you interested in an NPTA certification or specialization but have a few questions? Our team is here to guide you in making the best decision for your career.<br\/><br\/>We can also assist with billing inquiries, exam retests or extensions, recertification questions, and technical issues.<\/p>","webhook_url":"https:\/\/hooks.zapier.com\/hooks\/catch\/18464236\/2t423mr\/","form_submit_label":"Submit"}},"contact_us_blurb_B4xYzQ":{"type":"contact-us-blurb","blocks":{"blurb_6aTjRA":{"type":"blurb","settings":{"blurb_title":"Personal answers to your general inquiries and career questions","blurb_description":""}},"blurb_w49cJr":{"type":"blurb","settings":{"blurb_title":"Insightful feedback on your fitness journey","blurb_description":""}},"blurb_cewnDX":{"type":"blurb","settings":{"blurb_title":"A trusted guide who genuinely wants you to succeed","blurb_description":""}},"blurb2_mtPUDE":{"type":"blurb2","settings":{"blurb_title2":"856 Homer St Suite 110, Vancouver, BC V6B 2W2, Canada","blurb_description2":"<p>Highlight of Contact US Blurb goes here. Lorem ipsum dolor sits amet consectetur. Et est varius viverra.dfds<\/p>"}}},"block_order":["blurb_6aTjRA","blurb_w49cJr","blurb_cewnDX","blurb2_mtPUDE"],"name":"Contact US Blurb","settings":{"title":"Mentorship Call with Jesse Benson: Real Support. Real Growth.","description":"<p>Got questions about your path? Whether you need help choosing a certification, launching your fitness business, or just figuring out what comes next, Jesse Benson – NPTA Founder and Canada’s Top Fitness Trainer – offers mentorship that delivers:<\/p>","button_text":"Get Mentorship from Jesse","video_url":"","image":"shopify:\/\/shop_images\/Screenshot_2025-05-02_052027.png","button_link":"https:\/\/app.npta.ca\/widget\/bookings\/meet-your-mentors-at-npta","top_padding":92,"bottom_padding":92,"text_contact_us":"You never have to walk this journey alone. Let Jesse help you find your next step—with mentorship that meets you where you are.","container_width":980}},"section_banner_two_jRXJNA":{"type":"section--banner-two","custom_css":[".section--banner-two {background-position: center 30%; background-repeat: no-repeat; background-size: cover;}"],"settings":{"background_image":"shopify:\/\/shop_images\/CES-6_2a.jpg","title":"Start Your Journey as a Certified coach Today","subtitle":"","button_link":"#","button_text":"","show_button_1":true,"button_1_text":"Choose my program","button_1_link":"shopify:\/\/collections\/all","show_button_2":false,"button_2_text":"Contact Us","button_2_link":"shopify:\/\/pages\/contact-us","button_position":"left","title_alignment":"left","container_width":600,"alignment":"flex-start"}}},"order":["main","section_top_banner_hJLdAL","section_breadcrumb_eFj6di","section_contact_form_7GwcpX","contact_us_blurb_B4xYzQ","section_banner_two_jRXJNA"]}