{"sections":{"main":{"type":"main-page","disabled":true,"settings":{"padding_top":28,"padding_bottom":28}},"section_breadcrumb_eFj6di":{"type":"section--breadcrumb","settings":{"background_color":"#ffffff","enable_breadcrumbs":true,"breadcrumbs_home_label":"Home","breadcrumbs_separator":"|"}},"custom_liquid_dx4tPT":{"type":"custom-liquid","settings":{"custom_liquid":"<style>\n  .responsive-iframe-container {\n    display: flex;\n    justify-content: center;\n    align-items: center;\n    height: 100%;\n    width: 100%;\n  }\n\n  .responsive-iframe-container iframe {\n    width: 45%;\n    min-width: 300px;\n    height: 100%;\n    border: none;\n    overflow: hidden;\n  }\n\n  @media (max-width: 768px) {\n    .responsive-iframe-container iframe {\n      width: 90%;\n    }\n  }\n<\/style>\n\n<div class=\"responsive-iframe-container\">\n  <iframe src=\"https:\/\/app.npta.ca\/widget\/booking\/audcHTbD2CLbXUr2Z5ed\"\n          scrolling=\"no\"\n          id=\"audcHTbD2CLbXUr2Z5ed_1743625386639\">\n  <\/iframe>\n<\/div>\n\n<script src=\"https:\/\/app.npta.ca\/js\/form_embed.js\" type=\"text\/javascript\"><\/script>","color_scheme":"","padding_top":40,"padding_bottom":40}},"section_banner_two_jRXJNA":{"type":"section--banner-two","custom_css":[".section--banner-two {background-position: center 30%; background-repeat: no-repeat; background-size: cover;}"],"settings":{"background_image":"shopify:\/\/shop_images\/CES-6_2a.jpg","title":"Start Your Journey as a Certified coach Today","subtitle":"","button_link":"#","button_text":"","show_button_1":true,"button_1_text":"Choose my program","button_1_link":"shopify:\/\/collections\/all","show_button_2":false,"button_2_text":"Contact Us","button_2_link":"shopify:\/\/pages\/contact-us","button_position":"left","title_alignment":"left","container_width":600,"alignment":"flex-start"}}},"order":["main","section_breadcrumb_eFj6di","custom_liquid_dx4tPT","section_banner_two_jRXJNA"]}