{"sections":{"main":{"type":"main-page","disabled":true,"settings":{"padding_top":28,"padding_bottom":28}},"section_breadcrumb_eFj6di":{"type":"section--breadcrumb","settings":{"background_color":"#ffffff","enable_breadcrumbs":true,"breadcrumbs_home_label":"Home","breadcrumbs_separator":"|"}},"section_header_title_two_jWgqDd":{"type":"section--header-title-two","settings":{"background_color":"#ffffff","section_id":"certified-trainers","section_title":"PRIVACY POLICY","section_description":"<p>This website is committed to protecting the privacy of its customers. We will never share or sell any personal information, such as name, address, email address, or payment details. We use secure encryption technology to protect your data and make sure you feel safe when using our services. We also comply with all applicable laws and regulations regarding data protection. If you have any questions or concerns about our privacy policy, please <a href=\"\/pages\/contact-us\" title=\"Contact Us\">contact us<\/a>.<\/p>","title_alignment":"center","container_width":660,"title_color":"#133257","alignment":"center"}}},"order":["main","section_breadcrumb_eFj6di","section_header_title_two_jWgqDd"]}