{"sections":{"main":{"type":"main-page","disabled":true,"settings":{"padding_top":28,"padding_bottom":28}},"section_breadcrumb_eFj6di":{"type":"section--breadcrumb","settings":{"background_color":"#ffffff","enable_breadcrumbs":true,"breadcrumbs_home_label":"Home","breadcrumbs_separator":"|"}},"section_header_title_two_jWgqDd":{"type":"section--header-title-two","settings":{"background_color":"#ffffff","section_id":"certified-trainers","section_title":"PRIVACY POLICY","section_description":"<p>This website is committed to protecting the privacy of its customers. We will never share or sell any personal information, such as name, address, email address, phone number, or payment details. We use secure encryption technology to protect your data and make sure you feel safe when using our services. We also comply with all applicable laws and regulations regarding data protection.<\/p><p>By providing your email address, phone number, or any other personal information through our website, landing pages, or by directly emailing us, you consent to the National Personal Training Academy (NPTA) contacting you via email, phone calls, or text messages for informational, marketing, and promotional purposes. You may withdraw your consent and unsubscribe from these communications at any time by following the instructions provided in the communication or by contacting us directly. Your personal information will be handled in accordance with our Privacy Policy and Canadian privacy laws, including CASL.<\/p><p><\/p><p>If you have any questions or concerns about our privacy policy, please contact us at <a href=\"mailto:info@npta.ca\">info@npta.ca<\/a>.<\/p>","title_alignment":"center","container_width":660,"title_color":"#133257","alignment":"center"}}},"order":["main","section_breadcrumb_eFj6di","section_header_title_two_jWgqDd"]}