{"sections":{"main":{"type":"main-page","disabled":true,"settings":{"padding_top":28,"padding_bottom":28}},"text_image_payment_options_VG9Fi9":{"type":"text-image-payment-options","custom_css":[".section--text-image {background-color: #f0f1f2;}","h3 {text-transform: none;}"],"name":"Text Image Payment Option","settings":{"section_id":"section-id","sub-heading":"Start today with","heading":"Flexible Payment Plans","description":"<p>Finances shouldn’t stand in the way of your dreams.<br\/>At NPTA, we’re here to support you with payment<br\/>options that make starting simple and worry-free.<\/p>","image":"shopify:\/\/shop_images\/paymentpage1.jpg","show_buttons":true,"primary_button_text":"Get Started","primary_button_link":"shopify:\/\/collections\/all"}},"multirow_TADewz":{"type":"multirow","blocks":{"row_qDtN7W":{"type":"row","settings":{"image":"shopify:\/\/shop_images\/paymentsection2.jpg","caption":"Caption","heading":"<strong>Learn Now, Pay Later with Elective<\/strong>","text":"<p>We’ve partnered with Elective to offer a Learn Now, Pay Later program—so you can begin your course today and pay on a schedule that works for you.<\/p><ul><li>Flexible Plans – Choose from 3-, 6-, 9- or 12- month options<\/li><li>Instant Course Access – Begin learning after your first payment<\/li><li>Easy Setup – Quick application with no impact on your credit score<\/li><\/ul>","show_buttons":true,"button_label":"","button_link":""}}},"block_order":["row_qDtN7W"],"custom_css":[],"name":"t:sections.multirow.presets.name","settings":{"image_height":"medium","background_color":"#133257","top_padding":92,"bottom_padding":92,"desktop_image_width":"medium","heading_size":"h1","text_style":"body","button_style":"secondary","desktop_content_position":"middle","desktop_content_alignment":"left","image_layout":"alternate-right","mobile_content_alignment":"left","padding_top":36,"padding_bottom":36}},"elective_section_TrhNpA":{"type":"elective-section","name":"elective section","settings":{"background_color":"#ffffff","section_id":"section-id","heading":"Trusted by thousands of learners.","description":"<p><em>Elective makes education more accessible through innovative financing solutions.<\/em><\/p>","description2":"<p><strong>Elective<\/strong> is a “learning-first” company dedicated to transforming the way people access education.<\/p><p>Their mission is to disrupt the status quo and remove the barriers that prevent millions of learners worldwide from enrolling in high-quality educational programs.<\/p>","image":"shopify:\/\/shop_images\/paymentsection3.jpg","image2":"shopify:\/\/shop_images\/elective.png","show_buttons":false,"primary_button_text":"","primary_button_link":"","secondary_button_text":""}},"section_payment_option_steps_EAcLrq":{"type":"section-payment-option-steps","blocks":{"step_nynQYe":{"type":"step","settings":{"step_title":"Step ONE","step_description":"<p>Choose the course you want to take<\/p>"}},"step_aDVed8":{"type":"step","settings":{"step_title":"Step TWO","step_description":"<p>Select “View Payment Plans”<\/p>"}},"step_MDHt9r":{"type":"step","settings":{"step_title":"Step THREE","step_description":"<p>Create your Elective account and complete the quick approval process<\/p>"}},"step_dYBGLh":{"type":"step","settings":{"step_title":"Step FOUR","step_description":"<p>Pick the payment plan that works best for you<br\/><br\/><\/p>"}},"step_XF6WhY":{"type":"step","settings":{"step_title":"Step FIVE","step_description":"<p>Set up automatic payments to start your course<\/p>"}}},"block_order":["step_nynQYe","step_aDVed8","step_MDHt9r","step_dYBGLh","step_XF6WhY"],"custom_css":[".section--steps-form {background-color: #f0f1f2;}"],"name":"Steps Payment Options","settings":{"section_id":"section-id","section_title":"How to Get Started","section_description":"","image":"shopify:\/\/shop_images\/paymentsection4_1.jpg"}},"section_banner_two_NqBn8f":{"type":"section--banner-two","custom_css":[".section--banner-two {background-position: center 30%; background-repeat: no-repeat; background-size: cover;}"],"name":"Personal Training Banner","settings":{"background_image":"shopify:\/\/shop_images\/CES-6_2a.jpg","title":"Ready to start learning?","subtitle":"","button_link":"shopify:\/\/collections\/all","button_text":"Explore our courses","show_button_1":true,"button_1_text":"Explore our courses","button_1_link":"shopify:\/\/collections\/all-products","show_button_2":true,"button_2_text":"Contact us","button_2_link":"shopify:\/\/pages\/contact-us","button_position":"left","title_alignment":"left","container_width":620,"alignment":"flex-start"}}},"order":["main","text_image_payment_options_VG9Fi9","multirow_TADewz","elective_section_TrhNpA","section_payment_option_steps_EAcLrq","section_banner_two_NqBn8f"]}