{"sections":{"main":{"type":"main-page","disabled":true,"settings":{"padding_top":28,"padding_bottom":28}},"section_form_builder_giCMAL":{"type":"section--form-builder","blocks":{"text_field_eyyMhd":{"type":"text_field","settings":{"label":"First Name","placeholder":"Your first name"}},"text_field_xkwntm":{"type":"text_field","settings":{"label":"Last Name","placeholder":"Your last name"}},"email_kdhiJT":{"type":"email","settings":{"label":"Email","placeholder":"Your email address"}},"phone_ch3caV":{"type":"phone","settings":{"label":"Phone","placeholder":"Your email address"}},"textarea_YBa9Pz":{"type":"textarea","settings":{"label":"Message","placeholder":"Type your message here..."}}},"block_order":["text_field_eyyMhd","text_field_xkwntm","email_kdhiJT","phone_ch3caV","textarea_YBa9Pz"],"settings":{"form_action":"webhook","webhook_url":"https:\/\/hooks.zapier.com\/hooks\/catch\/18464236\/247gih6\/"}}},"order":["main","section_form_builder_giCMAL"]}