{"sections":{"main":{"type":"main-page","settings":{"padding_top":28,"padding_bottom":28}},"collection_sidebar_hEGGhT":{"type":"collection-sidebar","blocks":{"tags_group_3pDaek":{"type":"tags_group","settings":{"title":"Tag Group","tag_list":"First tag \nSecond tag \nThird tag","collapsed":false}},"color_group_xUpLLy":{"type":"color_group","settings":{"title":"Color","tag_list":"Burgundy \nHeather grey \nGreen","collapsed":false}},"tags_all_hahfTn":{"type":"tags_all","settings":{"title":"Tags","collapsed":false}},"tags_all_TiNGQC":{"type":"tags_all","settings":{"title":"Tags","collapsed":false}},"subcollections_Vhq9wK":{"type":"subcollections","settings":{"enable_subsubcollections":true,"enable_count":true,"collapsed":false}}},"block_order":["tags_group_3pDaek","color_group_xUpLLy","tags_all_hahfTn","tags_all_TiNGQC","subcollections_Vhq9wK"],"settings":{"enable_sidebar":true,"filter_style":"drawer","tags_combine":true,"enable_sort":true}},"collection_template_pUntmg":{"type":"collection-template","settings":{"description_position":"top","subcollection_style":"above","subcollections_per_row":5,"enable_collection_count":true,"per_row":4,"rows_per_page":7,"mobile_flush_grid":false}}},"order":["main","collection_sidebar_hEGGhT","collection_template_pUntmg"]}