{"sections":{"main":{"type":"main-page","disabled":true,"settings":{"padding_top":28,"padding_bottom":28}},"section_top_banner_hJLdAL":{"type":"section--top-banner","custom_css":[".section--top-banner {background-color: #000000;}",".section--top-banner:before {width: 100%;}",".section--top-background {width: 100%;}"],"settings":{"background_image":"shopify:\/\/shop_images\/AP_Page_Header.jpg","title":"Elevate Your Knowledge. Lead With Confidence.","subtitle":"NPTA Tutoring shapes students into elite fitness professionals through mentorship and mastery — powered by our exclusive Apex Model™.","desc1":"","button_link":"shopify:\/\/collections\/all","button_text":"GET CERTIFIED","show_button_1":true,"button_1_text":"Start today","button_1_link":"https:\/\/app.npta.ca\/widget\/survey\/sM15QBoTJbBVmC9vCifd","show_button_2":false,"button_2_text":"Purchase now","button_2_link":"shopify:\/\/products\/apprenticeship-program","button_position":"left","title_alignment":"left","container_width":720,"alignment":"flex-start"}},"multicolumn_rDa3cV":{"type":"multicolumn","blocks":{"column_9iJ8ik":{"type":"column","settings":{"title":"Elite Mentorship","text":"","link_label":"","link":""}},"column_Ftgbze":{"type":"column","settings":{"title":"Real Conversations","text":"","link_label":"","link":""}},"column_khhtED":{"type":"column","settings":{"title":"Tailored to You","text":"","link_label":"","link":""}}},"block_order":["column_9iJ8ik","column_Ftgbze","column_khhtED"],"name":"t:sections.multicolumn.presets.name","settings":{"title":"","heading_size":"h1","image_width":"full","image_ratio":"adapt","columns_desktop":3,"column_alignment":"center","background_style":"primary","button_label":"","button_link":"","color_scheme":"","columns_mobile":"1","swipe_on_mobile":false,"padding_top":20,"padding_bottom":20}},"section_header_title_two_Gt9mm9":{"type":"section--header-title-two","custom_css":[".section--title-two {padding-bottom: 0px; padding-left: 5px; margin-bottom: -20px;}"],"name":"Header Title","settings":{"background_color":"#ffffff","section_id":"certified-trainers","section_title":"The NPTA Tutoring Program","section_description":"<p>Where You Are Is Just the Beginning — We’ll Help You Go Further<\/p>","title_alignment":"left","container_width":960,"title_color":"#242833","alignment":"flex-start"}},"section_blurb_tutoring_43xBGi":{"type":"section--blurb-tutoring","custom_css":[".blurb-content-right-column {height: 80%;}"],"name":"Tutoring blurb","settings":{"title":"","description":"<p><strong>The NPTA Tutoring Program<\/strong> bridges the gap between where you are and who you’re becoming, meeting you at any stage of your certification journey.<br\/><br\/>Rooted in our Apex Model™, the program adapts to your learning style with personalized 1:1 or group support. Learn from experienced Master Trainers and educators to master the material, stay motivated, and build the confidence to pass, coach, and lead.<br\/><\/p><h3>NPTA Tutoring helps you:<\/h3><ul><li>Master NASM and NCSF materials with clarity<\/li><li>Gain practical knowledge and lasting confidence<\/li><li>Accelerate your progress with structured guidance<\/li><li>Step fully into your role as a trusted fitness professional<\/li><\/ul><p><em>This isn’t generic tutoring—it’s elite mentorship built for where you're headed.<\/em><\/p><p><\/p>","button_text":"JOIN TODAY","video_url":"","image":"shopify:\/\/shop_images\/Ap_2nd.jpg","button_link":"shopify:\/\/collections\/certifications","top_padding":0,"bottom_padding":0,"container_width":1260}},"section_process_tutoring_4WrKRU":{"type":"section--process-tutoring","blocks":{"step_4FGeQY":{"type":"step","settings":{"step_title":"Personalized 1:1 or Group Sessions","step_description":"Learn at your own pace with tutoring tailored to your goals and challenges."}},"step_MxBNWH":{"type":"step","settings":{"step_title":"Led by expert Master Trainers and Educators","step_description":"Get guidance from Canada’s top fitness leaders, Jesse Benson and Tommy Europe, as they mentor you with the proven methods behind their success."}},"step_cqhqbQ":{"type":"step","settings":{"step_title":"Flexible Learning — In Person or Online","step_description":"Learn from anywhere or join local sessions for hands-on support."}}},"block_order":["step_4FGeQY","step_MxBNWH","step_cqhqbQ"],"custom_css":[],"name":"Progress Section Tutoring","settings":{"background_color":"#ffffff","section_id":"Progress Section Tutoring","section_title":"Tutoring That Elevates Your Learning","section_description":"<h4>Built for Results — Not Just a Pass<\/h4><p>Powered by the Apex Model™, the NPTA Tutoring Program meets you where you are—building deep understanding, confidence, and mastery that sets you apart.<\/p>","title_alignment":"center","container_width":980,"alignment":"center","show_program_button":false,"button_text":"Button","program_button_link":"\/","section_footer_description":""}},"section_banner_one_nBmk3F":{"type":"section--banner-one","blocks":{"benefit_itDFj3":{"type":"benefit","settings":{"benefit_text":"One on One","description":"<p>(1:1) <br\/>30-Min Session – <strong>$50 <br\/><\/strong>60-Min Session – <strong>$125<\/strong><\/p><p><\/p>"}},"benefit_JNDpiM":{"type":"benefit","settings":{"benefit_text":"Group-Based Lab","description":"<p>(3–6 participants)<br\/>60-Min Session –<strong>$40 per person<\/strong><\/p>"}}},"block_order":["benefit_itDFj3","benefit_JNDpiM"],"name":"Personal Training Banner","settings":{"background_image":"shopify:\/\/shop_images\/CNC2.png","title":"TUTORING RATES","subtitle":"Ready to begin your NPTA Tutoring journey?Your next step starts here.","button_link":"shopify:\/\/collections\/all","button_text":"GET CERTIFIED"}},"section_top_banner_U7pGph":{"type":"section--top-banner","custom_css":[".section--top-banner {background-color: #000000;}",".section--top-banner:before {width: 100%;}",".section--top-background {width: 100%;}"],"settings":{"background_image":"shopify:\/\/shop_images\/Ap_Footer.jpg","title":"The NPTA Apex Model™","subtitle":"","desc1":"<p><strong>The Apex Model™<\/strong> is NPTA’s signature 10-pillar framework that transforms aspiring trainers into complete, confident Fitness Practitioners™. It brings together technical expertise, coaching psychology, and client connection — going far beyond textbook learning to deliver real, lasting results.<br\/><br\/>Created by <strong>NPTA Founder Jesse Benson<\/strong>, the Apex Model™ is both evidence-informed and experience-driven. Built on thousands of hours of hands-on experience, it continues to evolve with the industry to meet the real needs of clients and professionals alike.<br\/><br\/><\/p>","button_link":"shopify:\/\/collections\/all","button_text":"GET CERTIFIED","show_button_1":false,"button_1_text":"Contact Us","button_1_link":"shopify:\/\/pages\/book-a-call","show_button_2":false,"button_2_text":"Purchase now","button_2_link":"shopify:\/\/products\/apprenticeship-program","button_position":"left","title_alignment":"left","container_width":600,"alignment":"flex-start"}},"section_three_column_btBeRN":{"type":"section--three-column","blocks":{"card_8VKhfg":{"type":"card","settings":{"title":"","description":"","title2":"Grounded in research and practical experience"}},"card_8gxpzD":{"type":"card","settings":{"title":"","description":"","title2":"Integrates skill, strategy, and connection"}},"card_k7XFhP":{"type":"card","settings":{"title":"","description":"","title2":"Designed for real-world impact, not just exam prep"}}},"block_order":["card_8VKhfg","card_8gxpzD","card_k7XFhP"],"name":"Three Column","settings":{"section_id":"certified-trainers","background_color":"#ffffff","section_title":"Why It Works?","section_title2":"You won’t just pass. You’ll lead.","section_description":"","button_1_link":"shopify:\/\/collections\/bundles","button_1_text":"CHOOSE MY PROGRAM","title_alignment":"center","container_width":980,"alignment":"center"}},"section_certified_trainers_ipxpKR":{"type":"section--certified-trainers","blocks":{"trainer_QeaRQe":{"type":"trainer","settings":{"image":"shopify:\/\/shop_images\/IMG_3363.jpg","show_content":false,"name":"test","certification":"test","quote":"test","rating":"5"}},"trainer_PPaNyr":{"type":"trainer","settings":{"image":"shopify:\/\/shop_images\/IMG_3363.jpg","show_content":false,"name":"test","certification":"test","quote":"test","rating":"5"}},"trainer_UnHCPp":{"type":"trainer","settings":{"image":"shopify:\/\/shop_images\/IMG_3363.jpg","show_content":false,"name":"test","certification":"test","quote":"test","rating":"5"}},"trainer_3mhjcd":{"type":"trainer","settings":{"image":"shopify:\/\/shop_images\/IMG_3363.jpg","show_content":false,"name":"test","certification":"test","quote":"test","rating":"5"}},"trainer_4Yk9gD":{"type":"trainer","settings":{"image":"shopify:\/\/shop_images\/IMG_3363.jpg","show_content":false,"name":"test","certification":"test","quote":"test","rating":"5"}}},"block_order":["trainer_QeaRQe","trainer_PPaNyr","trainer_UnHCPp","trainer_3mhjcd","trainer_4Yk9gD"],"name":"Certified Trainers","settings":{"section_id":"certified-trainers","section_title":"Meet Our Educators","section_title2":"Register now and let our team support your journey to becoming a confident, career-ready fitness professional.","section_description":"<p><strong>Real Mentors. Real Experience. Real Impact.<\/strong><\/p><p>At NPTA Tutoring, you’re guided by more than instructors — you’re mentored by seasoned educators with over 10 years of industry experience. Each one brings proven expertise, hands-on knowledge, and a shared mission: to help you grow into a confident, capable, and in-demand fitness professional.<\/p>","title_alignment":"center","desc_alignment":"left","container_width":980,"alignment":"center"}},"section_top_banner_hXbGNV":{"type":"section--top-banner","settings":{"background_image":"shopify:\/\/shop_images\/Ap_Footer.jpg","title":"Support That Meets You Where You Are","subtitle":"Still feeling unsure? That’s completely okay. Starting your journey in the fitness industry is a big step—and you don’t have to take it alone. We’re here to talk it through and help you find the path that’s right for you.","desc1":"","button_link":"shopify:\/\/collections\/all","button_text":"GET CERTIFIED","show_button_1":true,"button_1_text":"Contact Us","button_1_link":"shopify:\/\/pages\/book-a-call","show_button_2":false,"button_2_text":"Purchase now","button_2_link":"shopify:\/\/products\/apprenticeship-program","button_position":"left","title_alignment":"left","container_width":520,"alignment":"flex-start"}},"section_breadcrumb_eFj6di":{"type":"section--breadcrumb","disabled":true,"settings":{"background_color":"#ffffff","enable_breadcrumbs":true,"breadcrumbs_home_label":"Home","breadcrumbs_separator":"|"}},"section_local_video_zpf3Ty":{"type":"section--local-video","disabled":true,"settings":{"section_id":"certified-trainers","heading":"<strong>TRAIN SMART. COACH WITH CONFIDENCE. BUILD YOUR FUTURE.<\/strong>","short_description":"<p><strong>NPTA doesn’t just certify trainers—it builds careers. We go beyond education to provide mentorship, real-world training, and direct industry connections that set you apart.<\/strong><br\/><\/p><ul><li><strong>40 Hours of Hands-On Training –<\/strong> Work with real clients in a professional gym setting.<\/li><li><strong>1:1 Expert Mentorship – <\/strong>Learn from Canada’s top personal trainers.<\/li><li><strong>Career-Ready Preparation –<\/strong> Develop the skills, confidence, and network to secure your first job.<\/li><li><strong>Exclusive Gym Partnerships –<\/strong> Connect with trusted fitness employers who value NPTA graduates<\/li><\/ul>","primary_button_text":"Book A Call","primary_button_link":"shopify:\/\/pages\/book-a-call","secondary_button_text":"Contact Us","secondary_button_link":"shopify:\/\/pages\/contact-us","enable_video_looping":false,"video_url":"https:\/\/www.youtube.com\/watch?v=_9VUPq3SxOc","description":"","full_width":false,"color_scheme":"scheme-3","padding_top":36,"padding_bottom":36}},"section_reviews_T4eMFc":{"type":"section--reviews","blocks":{"review_bgBTCE":{"type":"review","settings":{"author_image":"shopify:\/\/shop_images\/Cailum_NASM_Certificate_1.jpg","author_name":"Cailum","author_title":"NPTA APPRENTICE GRADUATE","review_text":"Going into FITIN as a student filled me with a level of nervousness that I felt appropriate for someone who as never personally trained someone. They reassured me that as long as I’m okay with learning and allowed myself to absorb information like a sponge then everything will get better with practice and time. As Jesse said ‘you have to get your reps in, just like exercising yourself, you’ll only make progress with consistency and practice’\nI took those words to heart and practiced. A lot. I made sure to take my notes and get to know the ins and outs of the facility and system they have in place, and even to this day I’m continuing with my learning experience. Through Jesse’s guidance and the team’s support I gained the confidence and pride to become certified and properly train others.\nAfter that the opportunities began flooding in. I started gaining more responsibilities around the facility, while running the community class every Saturday and now volunteering to work with the giving truck to help those in need.\nMy experience with Jesse and the rest of FITIN has and is still unbelievably amazing. I never imagined I would be as blessed as I am today, and I still have so much more work to do. I’m thrilled and proud to be a member of this community and I’m grateful to have been given this chance to make a difference in so many lives.","review_stars":5}},"review_6U3P9L":{"type":"review","settings":{"author_image":"shopify:\/\/shop_images\/Marie-Rose.png","author_name":"Marie Rose","author_title":"NPTA APPRENTICE GRADUATE","review_text":"My entire fitness journey started with NPTA. I enrolled into the personal training certification program and with the comprehensive theory provided by I passed the exam my first try! Not having any experience training clients, I enrolled into the apprenticeship program in order to grow my confidence as a trainer and build my client base. The 8 week apprenticeship program gave me the skills I needed to train clients independently and build strong relationships with my clients. The owners at Fit Integrated saw my passion and offered me a job afterwards! I am fortunate to now be able to live in France, still keep my clients at Fit integrated as an online trainer, and continue to grow my fitness career in my new home. Thank you NPTA for starting it all!","review_stars":5}},"review_HNHC43":{"type":"review","disabled":true,"settings":{"author_image":"shopify:\/\/shop_images\/FitIntegrated_July2024_005.jpg","author_name":"Riley","author_title":"","review_text":"As a Canadian trainer, I’m glad to have found NPTA. I’m able to advance my knowledge and career through NASM’s specialization courses but now at a better price. I became a trainer with their gym partner - Fit Integrated and under the mentorship of Jesse Benson, I now have a fully booked schedule of in-person and online clients! I’m at a stage where all my clients are recurring and I can focus on continuing to build my relationships with my clients. Jesse saw my potential and believed in the knowledge I can provide to newly certified trainers and offered me the position to teach alongside him as a mentor in the apprenticeship program. I can’t wait to continue to nurture the growth of the future of the fitness industry!","review_stars":2}}},"block_order":["review_bgBTCE","review_6U3P9L","review_HNHC43"],"disabled":true,"settings":{"heading":"Customer Reviews","section_description":"<p>From students to successful trainers, see how NPTA shaped their journey.<\/p>","background_color":"#f7f8fa"}},"section_team_UCVwax":{"type":"section--team","blocks":{"trainer_7wRmGm":{"type":"trainer","settings":{"trainer_image":"shopify:\/\/shop_images\/DSC09147-Edit_57da6aa8-2473-4f8d-bf9c-f403a11f15e7.png","trainer_position":"Educator","trainer_name":"Riley McGaffin","trainer_certification":"Certified Personal Trainer","facebook_url":"","instagram_url":"https:\/\/www.instagram.com\/fit_with_riley\/","linkedin_url":"https:\/\/www.linkedin.com\/in\/riley-mcgaffin-38b788245\/?originalSubdomain=ca","x_url":""}},"trainer_9gwEPX":{"type":"trainer","settings":{"trainer_image":"shopify:\/\/shop_images\/Cailum_K_-_NPTA_Graduate.jpg","trainer_position":"NPTA Graduate","trainer_name":"Cailum Kokotilo-Moen","trainer_certification":"Certified Personal Trainer","facebook_url":"","instagram_url":"","linkedin_url":"","x_url":""}},"trainer_qqW6LW":{"type":"trainer","settings":{"trainer_image":"shopify:\/\/shop_images\/Marie-Rose.png","trainer_position":"NPTA Graduate","trainer_name":"Marie Rose","trainer_certification":"Certified Personal Trainer","facebook_url":"","instagram_url":"","linkedin_url":"","x_url":""}}},"block_order":["trainer_7wRmGm","trainer_9gwEPX","trainer_qqW6LW"],"disabled":true,"settings":{"section_id":"certified-trainers","section_title":"Our Educators and Graduates","section_description":"<p>Meet the team that will help you become Canada’s next top personal trainer.<\/p>","title_alignment":"center","container_width":660,"alignment":"center"}},"section_form_builder_np_DBqiQc":{"type":"section--form-builder-np","blocks":{"text_field_WjccHd":{"type":"text_field","settings":{"label":"First Name","placeholder":"Enter your first name"}},"text_field_DcY3Hg":{"type":"text_field","settings":{"label":"Last Name","placeholder":"Enter your last name"}},"phone_dTbhTd":{"type":"phone","settings":{"label":"Phone Number","placeholder":"Enter your phone number"}},"email_w3UY8X":{"type":"email","settings":{"label":"Email","placeholder":"Enter your email"}},"select_NjTYxB":{"type":"select","settings":{"label":"Certification Status","options":"Certified, Not Certified"}}},"block_order":["text_field_WjccHd","text_field_DcY3Hg","phone_dTbhTd","email_w3UY8X","select_NjTYxB"],"disabled":true,"settings":{"section_id":"certified-trainers","background_color":"#ffffff","top_padding":0,"bottom_padding":92,"section_title":"Join the Waitlist","section_sub_title":"","section_description":"<p>Fill out the form below and one of our friendly advisors with be in touch to walk you through some more information!<\/p>","title_alignment":"center","container_width":980,"alignment":"center","show_program_button":false,"button_text":"Button","program_button_link":"\/","section_footer_description":"<p>Lorem ipsum dolor sit amet, consectetur adipiscing elit, sed do eiusmod tempor incididunt ut labore et dolore magna aliqua.<\/p>","form_width":980,"thank_you_message":"<p>Thank you for your submission!<\/p>","form_action":"webhook","webhook_url":"https:\/\/hooks.zapier.com\/hooks\/catch\/18464236\/2tblrt5\/","form_submit_label":"Submit"}}},"order":["main","section_top_banner_hJLdAL","multicolumn_rDa3cV","section_header_title_two_Gt9mm9","section_blurb_tutoring_43xBGi","section_process_tutoring_4WrKRU","section_banner_one_nBmk3F","section_top_banner_U7pGph","section_three_column_btBeRN","section_certified_trainers_ipxpKR","section_top_banner_hXbGNV","section_breadcrumb_eFj6di","section_local_video_zpf3Ty","section_reviews_T4eMFc","section_team_UCVwax","section_form_builder_np_DBqiQc"]}