{"sections":{"main":{"type":"main-page","disabled":true,"settings":{"padding_top":28,"padding_bottom":28}},"section_breadcrumb_eFj6di":{"type":"section--breadcrumb","settings":{"background_color":"#f7f8fa","enable_breadcrumbs":true,"breadcrumbs_home_label":"Home","breadcrumbs_separator":"|"}},"section_header_title_two_jWgqDd":{"type":"section--header-title-two","settings":{"background_color":"#f7f8fa","section_id":"certified-trainers","section_title":"Become an npta affiliate","section_description":"<p>Make your influence a source of inspiration and income. Inspire your followers to sign up and earn up to $600 commissions for every sale.<\/p>","title_alignment":"center","container_width":660,"title_color":"#133257","alignment":"center"}},"video_RHWCtQ":{"type":"video","custom_css":[],"settings":{"heading":"","heading_size":"h1","enable_video_looping":false,"video_url":"https:\/\/www.youtube.com\/watch?v=C9c_PH3yfU0","cover_image":"shopify:\/\/shop_images\/become-an-affiliate-cover-2.jpg","description":"","full_width":false,"color_scheme":"","padding_top":0,"padding_bottom":0}},"section_three_column_light_nwRyfn":{"type":"section--three-column-light","blocks":{"card_eCpbfL":{"type":"card","settings":{"title":"Turn Your Network Into Your Net Worth","description":"Earn generous commissions spreading your success story and enjoy exclusive discounts for all NPTA courses."}},"card_T6TEJH":{"type":"card","settings":{"title":"Earn While You Sleep","description":"Share content with your NPTA affiliate links highlighting how certification impacted your journey."}},"card_mU4kiK":{"type":"card","settings":{"title":"Zero Investment, Maximum Returns","description":"Earn and share exclusive discounts, unlock lifetime learning perks, and fund your travel expenses."}}},"block_order":["card_eCpbfL","card_T6TEJH","card_mU4kiK"],"settings":{"section_id":"certified-trainers","background_color":"#ffffff","section_title":"","section_description":"","title_alignment":"left","container_width":980,"top_padding":80,"bottom_padding":80,"alignment":"center"}},"multirow_bcmHzV":{"type":"multirow","blocks":{"row_QBeBQ4":{"type":"row","settings":{"image":"shopify:\/\/shop_images\/a45058ce3fd09f1fe131524319f037c6.jpg","caption":"Caption","heading":"Expense Thousands in Travel Expenses","text":"<p>NASM Courses are internationally recognized in +70 countries. Imagine traveling, spreading the benefits of NPTA's certifications at a local gym, and turning this into a business trip!<\/p><ul><li>Make money <strong>wherever <\/strong>you are<\/li><li><strong>Save thousands<\/strong> on travel<\/li><li>Earn <strong>hundreds to thousands<\/strong> of dollars<\/li><\/ul>","button_label":"Get started","button_link":"https:\/\/nptacanada.goaffpro.com\/create-account"}},"row_LcLijW":{"type":"row","settings":{"image":"shopify:\/\/shop_images\/9b87ba4da9a2b0050fc8d47ceb56cee2aaa.jpg","caption":"","heading":"Earn Passive Income","text":"<p>Every successful referral is a win-win for you and your followers with benefits such as:<\/p><ul><li>Earn a competitive <strong>15% commission<\/strong> on every sale.<\/li><li>Help your followers get up to <strong>55% off<\/strong> their courses.<\/li><li>Get your followers an additional <strong>5% off<\/strong> our already discounted courses<\/li><\/ul>","button_label":"Get started","button_link":"https:\/\/nptacanada.goaffpro.com\/create-account"}},"row_wrQHNP":{"type":"row","settings":{"image":"shopify:\/\/shop_images\/ac17449bccc8d6e50f4645be3b77fb45.jpg","caption":"Caption","heading":"Educational Savings","text":"<p>Give friends and family cool incentives to start learning once you get 100 affiliate sales such as:<\/p><ul><li>Your family and friends will receive a <strong>10% discount<\/strong> while you earn <strong>10% commissions.<\/strong><\/li><li>Unlock a <strong>lifetime 25% discount<\/strong> on all your continuing education courses at NPTA.<\/li><\/ul>","button_label":"Get started","button_link":"https:\/\/nptacanada.goaffpro.com\/create-account"}}},"block_order":["row_QBeBQ4","row_LcLijW","row_wrQHNP"],"settings":{"image_height":"medium","background_color":"#133257","top_padding":92,"bottom_padding":92,"desktop_image_width":"medium","heading_size":"h1","text_style":"body","button_style":"primary","desktop_content_position":"middle","desktop_content_alignment":"left","image_layout":"alternate-right","mobile_content_alignment":"left","padding_top":36,"padding_bottom":36}},"section_text_steps_CnL8RG":{"type":"section--text-steps","blocks":{"step_BHVRqC":{"type":"step","settings":{"step_title":"Create an Account","step_description":"<p>Join as an affiliate in just 2 clicks. Share your link, <strong>earn 15% on every sale!<\/strong><\/p>"}},"step_H46efE":{"type":"step","settings":{"step_title":"Promote Your Affiliate Link","step_description":"<p>Click on this '<a href=\"http:\/\/nptacanada.goaffpro.com\/create-account\" target=\"_blank\" title=\"http:\/\/nptacanada.goaffpro.com\/create-account\"><span style=\"text-decoration:underline\">AFFILIATE SIGN-UP<\/span><\/a>' or use the widget in the lower left corner to join.<\/p>"}},"step_iedByC":{"type":"step","settings":{"step_title":"Start Making Money","step_description":"<p>Get your link from the <a href=\"https:\/\/npta-canada.goaffpro.com\/login\" target=\"_blank\" title=\"https:\/\/npta-canada.goaffpro.com\/login\">AFFILIATE PORTAL<\/a>, share it on social media, and earn!<\/p>"}}},"block_order":["step_BHVRqC","step_H46efE","step_iedByC"],"settings":{"section_id":"section-id","section_title":"Ready to Level Up Your Income?","section_description":"<p>You're in the right place if you're...<\/p><ul><li>Ready to turn your fitness passion into a thriving career.<\/li><li>Seeking top-notch training skills with practical experience.<\/li><li>Looking for a career launchpad, not just a certification.<\/li><li>Aiming to expand your income streams.<\/li><\/ul>","webhook_url":""}},"section_collapsible_YBwtVa":{"type":"section--collapsible","blocks":{"collapsible_row_tYeHzd":{"type":"collapsible_row","settings":{"heading":"What is the role of an NPTA affiliate?","row_content":"<p>As an NPTA Affiliate, you have a pivotal role in expanding the reach and impact of our premier NASM fitness certification programs. Your role as an NPTA Affiliate is not only about professional growth, but also about having fun while earning passive income and achieving the work-life balance you've always dreamed of. <\/p>"}},"collapsible_row_aKDVG9":{"type":"collapsible_row","settings":{"heading":"What are the key points I should focus on while promoting NPTA programs?","row_content":"<p>When promoting NPTA focus on these key points: <\/p><ul><li>Lowest price guarantee on all NASM courses. <\/li><li>Offers NASM course price matching + Interest-free payment plan options.<\/li><li>Post-Certification Apprenticeship Program to gain hands-on experience and mentorship from Canada’s top trainers.<\/li><\/ul>"}},"collapsible_row_88V4r6":{"type":"collapsible_row","settings":{"heading":"What are some tips and tricks I can use to promote NPTA as an affiliate?","row_content":"<p>Here’s a strategy guide to follow for developing click-worthy content with NPTA affiliate links:<\/p><ul><li><strong>Understand Your Audience<\/strong> - Know your followers' interests. Are they fitness enthusiasts, aspiring personal trainers, or looking for career advancement? <\/li><li><strong>Tailor Messaging<\/strong> - Craft messages that resonate with these interests, highlighting how certification can help them achieve their goals.<\/li><li><strong>Showcase Personal Experience<\/strong> - Discuss your journey as a certified personal trainer. Share how the certification helped you and the benefits you’ve experienced. <\/li><li><strong>Success Stories<\/strong> - Highlight the success stories of others who have benefited from the certification. Use testimonials and case studies.<\/li><li><strong>Create Valuable Content Educational Posts <\/strong>- Create posts about the importance of certification, the benefits of being a certified trainer, and how it can open up career opportunities. <\/li><li><strong>Workshops and Webinars <\/strong>- Host live or recorded workshops and webinars discussing the certification process, what to expect, and the advantages. <\/li><li><strong>Provide Exclusive Offers, Discount Codes<\/strong> - Offer exclusive discount codes or promotional offers for followers interested in enrolling in the certification program. <\/li><li><strong>Giveaways<\/strong> - Organize giveaways where followers can win discounts or free enrollment in the certification program. <\/li><li><strong>Highlight Career Benefits<\/strong> - Emphasize how certification can lead to job opportunities, higher earning potential, and professional credibility.<\/li><li><strong>Networking<\/strong> - Discuss the networking opportunities and community support that come with certification. <\/li><\/ul>"}},"collapsible_row_MeG6PX":{"type":"collapsible_row","settings":{"heading":"How can I contact you?","row_content":"<p>You can reach us through our contact form, chatbot, or social media.<\/p>"}}},"block_order":["collapsible_row_tYeHzd","collapsible_row_aKDVG9","collapsible_row_88V4r6","collapsible_row_MeG6PX"],"settings":{"section_id":"certified-trainers","background_color":"#f7f8fa","section_class":"","title":"Popular questions","title_alignment":"center","accordion_link_title":"","accordion_link":"","top_padding":92,"bottom_padding":92,"container_width":740,"footer_text":"","button_text":"Start making money","button_link":"https:\/\/nptacanada.goaffpro.com\/create-account"}}},"order":["main","section_breadcrumb_eFj6di","section_header_title_two_jWgqDd","video_RHWCtQ","section_three_column_light_nwRyfn","multirow_bcmHzV","section_text_steps_CnL8RG","section_collapsible_YBwtVa"]}